"","first_name","second_name","team_name","now_cost","position","chance_of_playing_this_round","form","total_points","points_last_5","difficulty_next_5","t_score"
"1","Anthony","Martial","Man Utd",7.5,"Midfielder",NA,11.3,51,9.8,3,3.26666666666667
"2","Mathew","Ryan","Brighton",4.5,"Goalkeeper",NA,7.3,46,6.8,2.2,3.09090909090909
"3","Raheem","Sterling","Man City",11.1,"Midfielder",100,7.5,77,8.8,3.4,2.58823529411765
"4","Gylfi","Sigurdsson","Everton",7.5,"Midfielder",NA,5.3,58,8,3.2,2.5
"5","Pierre-Emerick","Aubameyang","Arsenal",10.9,"Forward",100,9.3,65,7.8,3.2,2.4375
"6","Lewis","Dunk","Brighton",4.4,"Defender",100,6.3,31,5.2,2.2,2.36363636363636
"7","Bruno","Saltor Grau","Brighton",4.4,"Defender",100,6.3,27,5.2,2.2,2.36363636363636
"8","Callum","Wilson","Bournemouth",6.7,"Forward",NA,7,70,8,3.4,2.35294117647059
"9","Johann Berg","Gudmundsson","Burnley",6,"Midfielder",100,3.3,49,6,2.6,2.30769230769231
"10","Mohamed","Salah","Liverpool",13,"Midfielder",100,7,67,6,2.6,2.30769230769231
"11","Ross","Barkley","Chelsea",5.9,"Midfielder",100,9.5,46,7.8,3.4,2.29411764705882
"12","Jordan","Pickford","Everton",4.9,"Goalkeeper",NA,9.3,48,7.2,3.2,2.25
"13","Felipe Anderson","Pereira Gomes","West Ham",6.8,"Midfielder",NA,5.7,43,5.8,2.6,2.23076923076923
"14","Matt","Doherty","Wolves",4.9,"Defender",100,1.3,53,6.2,2.8,2.21428571428571
"15","Richarlison","de Andrade","Everton",6.8,"Midfielder",100,7.7,56,6.6,3.2,2.0625
"16","Kieran","Trippier","Spurs",6.3,"Defender",100,4,58,6,3,2
"17","Gaëtan","Bong","Brighton",4.5,"Defender",100,4.3,27,4,2.2,1.81818181818182
"18","Glenn","Murray","Brighton",6.6,"Forward",100,3.3,49,4,2.2,1.81818181818182
"19","Davinson","Sánchez","Spurs",5.8,"Defender",NA,3,35,5.4,3,1.8
"20","Raúl","Jiménez","Wolves",5.7,"Forward",100,5,50,5,2.8,1.78571428571429
"21","Ederson","Santana de Moraes","Man City",5.8,"Goalkeeper",NA,6,60,6,3.4,1.76470588235294
"22","Sergio","Agüero","Man City",11.3,"Forward",100,5.5,73,6,3.4,1.76470588235294
"23","Shane","Duffy","Brighton",4.6,"Defender",100,4.7,46,3.8,2.2,1.72727272727273
"24","Benjamin","Chilwell","Leicester",5,"Defender",100,6,38,4.8,2.8,1.71428571428571
"25","Rui Pedro","dos Santos Patrício","Wolves",4.6,"Goalkeeper",NA,1.7,46,4.8,2.8,1.71428571428571
"26","Eden","Hazard","Chelsea",11.3,"Midfielder",100,4.8,79,5.8,3.4,1.70588235294118
"27","Sam","Vokes","Burnley",5.3,"Forward",NA,1.7,30,4.4,2.6,1.69230769230769
"28","Martin","Dubravka","Newcastle",5,"Goalkeeper",100,5.7,45,4.4,2.6,1.69230769230769
"29","Alexandre","Lacazette","Arsenal",9.7,"Forward",NA,5.5,58,5.4,3.2,1.6875
"30","Harry","Kane","Spurs",12.4,"Forward",NA,3.7,56,5,3,1.66666666666667
"31","Leroy","Sané","Man City",9.2,"Midfielder",NA,5.5,49,5.6,3.4,1.64705882352941
"32","Harry","Maguire","Leicester",5.5,"Defender",100,1.3,41,4.6,2.8,1.64285714285714
"33","Jonathan","Castro Otto","Wolves",4.5,"Defender",100,2,44,4.6,2.8,1.64285714285714
"34","Beram","Kayal","Brighton",4.4,"Midfielder",NA,3.7,20,3.6,2.2,1.63636363636364
"35","Mesut","Özil","Arsenal",8.4,"Midfielder",100,4,45,5.2,3.2,1.625
"36","Josh","Murphy","Cardiff",4.8,"Midfielder",100,3.7,29,4.2,2.6,1.61538461538462
"37","Sadio","Mané","Liverpool",9.8,"Midfielder",100,5,65,4.2,2.6,1.61538461538462
"38","Marko","Arnautovic","West Ham",7.1,"Forward",100,4.3,50,4.2,2.6,1.61538461538462
"39","Antonio","Rüdiger","Chelsea",6,"Defender",100,6.3,53,5.4,3.4,1.58823529411765
"40","Solomon","March","Brighton",5,"Midfielder",NA,4,32,3.4,2.2,1.54545454545455
"41","Callum","Paterson","Cardiff",5.2,"Midfielder",NA,5.3,27,4,2.6,1.53846153846154
"42","Dejan","Lovren","Liverpool",4.9,"Defender",100,5,20,4,2.6,1.53846153846154
"43","Virgil","van Dijk","Liverpool",5.9,"Defender",100,4.5,44,4,2.6,1.53846153846154
"44","Alisson","Ramses Becker","Liverpool",5.7,"Goalkeeper",NA,4.3,50,4,2.6,1.53846153846154
"45","David","Brooks","Bournemouth",5.1,"Midfielder",NA,3.7,38,5.2,3.4,1.52941176470588
"46","Marcos","Alonso","Chelsea",7,"Defender",NA,6,78,5.2,3.4,1.52941176470588
"47","Álvaro","Morata","Chelsea",8.7,"Forward",NA,6.3,39,5.2,3.4,1.52941176470588
"48","Aymeric","Laporte","Man City",5.9,"Defender",100,5,56,5.2,3.4,1.52941176470588
"49","Kasper","Schmeichel","Leicester",5,"Goalkeeper",NA,4,34,4.2,2.8,1.5
"50","Michael","Keane","Everton",4.9,"Defender",100,4.7,42,4.8,3.2,1.5
"51","Asmir","Begovic","Bournemouth",4.5,"Goalkeeper",NA,5.7,39,5,3.4,1.47058823529412
"52","David","Silva","Man City",8.5,"Midfielder",NA,5.5,48,5,3.4,1.47058823529412
"53","Roberto","Pereyra","Watford",6.4,"Midfielder",NA,7,57,5,3.4,1.47058823529412
"54","Hugo","Lloris","Spurs",5.4,"Goalkeeper",100,4.3,33,4.4,3,1.46666666666667
"55","Ayoze","Pérez","Newcastle",6.1,"Forward",NA,4,30,3.8,2.6,1.46153846153846
"56","Héctor","Bellerín","Arsenal",5.4,"Defender",75,3.8,38,4.6,3.2,1.4375
"57","Kurt","Zouma","Everton",5,"Defender",NA,3,28,4.6,3.2,1.4375
"58","Wilfred","Ndidi","Leicester",4.9,"Midfielder",NA,5,31,4,2.8,1.42857142857143
"59","Fernando","Luiz Rosa","Man City",5.4,"Midfielder",NA,5.3,41,4.8,3.4,1.41176470588235
"60","Toby","Alderweireld","Spurs",5.9,"Defender",NA,3.3,33,4.2,3,1.4
"61","Erik","Lamela","Spurs",6.4,"Midfielder",75,6.7,38,4.2,3,1.4
"62","Andrew","Robertson","Liverpool",6.4,"Defender",NA,4,59,3.6,2.6,1.38461538461538
"63","Robert Kenedy","Nunes do Nascimento","Newcastle",4.9,"Midfielder",100,2.7,26,3.6,2.6,1.38461538461538
"64","Ryan","Fraser","Bournemouth",6.1,"Midfielder",100,5.3,64,4.6,3.4,1.35294117647059
"65","Riyad","Mahrez","Man City",8.7,"Midfielder",100,5.5,41,4.6,3.4,1.35294117647059
"66","John","Stones","Man City",5.3,"Defender",NA,5.8,36,4.6,3.4,1.35294117647059
"67","Benjamin","Mendy","Man City",6.4,"Defender",100,5.8,55,4.6,3.4,1.35294117647059
"68","Bobby","Reid","Cardiff",5.2,"Forward",NA,5.3,27,3.4,2.6,1.30769230769231
"69","Xherdan","Shaqiri","Liverpool",7,"Midfielder",NA,3.3,26,3.4,2.6,1.30769230769231
"70","DeAndre","Yedlin","Newcastle",4.5,"Defender",100,5,33,3.4,2.6,1.30769230769231
"71","Federico","Fernández","Newcastle",4.4,"Defender",100,5.3,29,3.4,2.6,1.30769230769231
"72","Nathan","Aké","Bournemouth",5,"Defender",100,4.7,42,4.4,3.4,1.29411764705882
"73","Etienne","Capoue","Watford",5.1,"Midfielder",NA,6,39,4.4,3.4,1.29411764705882
"74","Ricardo Domingos","Barbosa Pereira","Leicester",5,"Defender",NA,1.7,40,3.6,2.8,1.28571428571429
"75","Marcus","Rashford","Man Utd",6.7,"Forward",100,4,20,3.8,3,1.26666666666667
"76","Lucas","Rodrigues Moura da Silva","Spurs",7.2,"Midfielder",NA,4.3,53,3.8,3,1.26666666666667
"77","Simon","Francis","Bournemouth",4.4,"Defender",75,4.3,27,4.2,3.4,1.23529411764706
"78","Willian","Borges Da Silva","Chelsea",7.4,"Midfielder",NA,4.5,46,4.2,3.4,1.23529411764706
"79","Kepa","Arrizabalaga","Chelsea",5.5,"Goalkeeper",NA,4.5,45,4.2,3.4,1.23529411764706
"80","Kyle","Walker","Man City",6.5,"Defender",100,3.5,52,4.2,3.4,1.23529411764706
"81","Francisco","Femenía Far","Watford",4.2,"Defender",NA,6.7,25,4.2,3.4,1.23529411764706
"82","Joseph","Gomez","Liverpool",5.1,"Defender",100,3.5,41,3.2,2.6,1.23076923076923
"83","James","Milner","Liverpool",5.6,"Midfielder",100,3.8,43,3.2,2.6,1.23076923076923
"84","Fabián","Balbuena","West Ham",4.4,"Defender",NA,4,29,3.2,2.6,1.23076923076923
"85","Paul","Pogba","Man Utd",8,"Midfielder",100,4,46,3.6,3,1.2
"86","Luka","Milivojevic","Crystal Palace",6.1,"Midfielder",NA,5,34,3.8,3.2,1.1875
"87","José Heriberto","Izquierdo Mena","Brighton",5.9,"Midfielder",100,3.7,13,2.6,2.2,1.18181818181818
"88","Steve","Cook","Bournemouth",4.6,"Defender",NA,4,43,4,3.4,1.17647058823529
"89","Adam","Smith","Bournemouth",4.5,"Defender",NA,4,36,4,3.4,1.17647058823529
"90","Víctor","Camarasa","Cardiff",4.5,"Midfielder",NA,3.7,30,3,2.6,1.15384615384615
"91","Lukasz","Fabianski","West Ham",4.5,"Goalkeeper",NA,3,40,3,2.6,1.15384615384615
"92","Willy","Boly","Wolves",4.6,"Defender",NA,1.3,43,3.2,2.8,1.14285714285714
"93","Rúben Diogo","da Silva Neves","Wolves",5,"Midfielder",NA,3.3,38,3.2,2.8,1.14285714285714
"94","Bernard","Anício Caldeira Duarte","Everton",5.9,"Midfielder",100,2.3,20,3.6,3.2,1.125
"95","Ben","Foster","Watford",4.5,"Goalkeeper",NA,5.7,35,3.8,3.4,1.11764705882353
"96","Jamaal","Lascelles","Newcastle",4.8,"Defender",100,4,31,2.8,2.6,1.07692307692308
"97","Paul","Dummett","Newcastle",4.4,"Defender",100,4.7,30,2.8,2.6,1.07692307692308
"98","Pablo","Zabaleta","West Ham",4.3,"Defender",NA,1.3,22,2.8,2.6,1.07692307692308
"99","James","Maddison","Leicester",6.9,"Midfielder",100,2.3,49,3,2.8,1.07142857142857
"100","Jamie","Vardy","Leicester",9,"Forward",100,1.7,33,3,2.8,1.07142857142857
"101","Ryan","Bennett","Wolves",4.2,"Defender",NA,0.7,32,3,2.8,1.07142857142857
"102","Conor","Coady","Wolves",4.5,"Defender",NA,1.3,34,3,2.8,1.07142857142857
"103","Alex","McCarthy","Southampton",4.5,"Goalkeeper",100,3.5,40,3.2,3,1.06666666666667
"104","Cédric","Soares","Southampton",4.4,"Defender",100,3.8,31,3.2,3,1.06666666666667
"105","Eric","Dier","Spurs",4.8,"Midfielder",0,1.7,26,3.2,3,1.06666666666667
"106","Moussa","Sissoko","Spurs",4.9,"Midfielder",100,4,18,3.2,3,1.06666666666667
"107","Rob","Holding","Arsenal",4.4,"Defender",NA,2,18,3.4,3.2,1.0625
"108","Wilfried","Zaha","Crystal Palace",6.8,"Forward",75,3,38,3.4,3.2,1.0625
"109","Lucas","Digne","Everton",4.8,"Defender",NA,3,26,3.4,3.2,1.0625
"110","André","Schürrle","Fulham",6,"Midfielder",NA,3.8,37,3.4,3.2,1.0625
"111","César","Azpilicueta","Chelsea",6.4,"Defender",NA,4,44,3.6,3.4,1.05882352941176
"112","David","Luiz Moreira Marinho","Chelsea",5.5,"Defender",100,3.8,42,3.6,3.4,1.05882352941176
"113","Abdoulaye","Doucouré","Watford",5.9,"Midfielder",100,5.3,39,3.6,3.4,1.05882352941176
"114","Aaron","Ramsey","Arsenal",7.4,"Midfielder",100,3.3,34,3.2,3.2,1
"115","Joshua","King","Bournemouth",6.3,"Forward",0,0.7,44,3.4,3.4,1
"116","Ashley","Westwood","Burnley",4.5,"Midfielder",100,2.3,28,2.6,2.6,1
"117","Seamus","Coleman","Everton",5.2,"Defender",0,5.3,22,3.2,3.2,1
"118","Christopher","Schindler","Huddersfield",4.3,"Defender",100,1,24,2.4,2.4,1
"119","Georginio","Wijnaldum","Liverpool",5.5,"Midfielder",100,2.8,36,2.6,2.6,1
"120","Juan","Mata","Man Utd",6.2,"Midfielder",NA,1.3,22,3,3,1
"121","Jonjo","Shelvey","Newcastle",5.4,"Midfielder",100,2,21,2.6,2.6,1
"122","Junior","Stanislas","Bournemouth",6,"Midfielder",100,2,17,3.2,3.4,0.941176470588235
"123","Bernardo Mota","Veiga de Carvalho e Silva","Man City",7.6,"Midfielder",100,3.3,46,3.2,3.4,0.941176470588235
"124","Granit","Xhaka","Arsenal",5.3,"Midfielder",NA,3,34,3,3.2,0.9375
"125","Theo","Walcott","Everton",6.4,"Midfielder",100,2.3,42,3,3.2,0.9375
"126","Wesley","Hoedt","Southampton",4.4,"Defender",NA,3.3,27,2.8,3,0.933333333333333
"127","Danny","Rose","Spurs",5.9,"Defender",0,0,28,2.8,3,0.933333333333333
"128","Yoshinori","Muto","Newcastle",5.7,"Forward",100,1.7,17,2.4,2.6,0.923076923076923
"129","Chris","Löwe","Huddersfield",4.4,"Defender",100,1,20,2.2,2.4,0.916666666666667
"130","Alireza","Jahanbakhsh","Brighton",6.7,"Midfielder",NA,2.3,15,2,2.2,0.909090909090909
"131","Jefferson","Lerma","Bournemouth",4.5,"Midfielder",100,2.3,20,3,3.4,0.882352941176471
"132","Pedro","Rodríguez Ledesma","Chelsea",6.3,"Midfielder",100,3.8,43,3,3.4,0.882352941176471
"133","N'Golo","Kanté","Chelsea",4.9,"Midfielder",NA,3.3,33,3,3.4,0.882352941176471
"134","Adrian","Mariappa","Watford",4.2,"Defender",NA,4.7,16,3,3.4,0.882352941176471
"135","Adam","Masina","Watford",4.3,"Defender",NA,5,16,3,3.4,0.882352941176471
"136","Alex","Iwobi","Arsenal",5.5,"Midfielder",100,2.5,26,2.8,3.2,0.875
"137","Lucas","Torreira","Arsenal",4.9,"Midfielder",100,3,24,2.8,3.2,0.875
"138","Patrick","van Aanholt","Crystal Palace",5.4,"Defender",NA,1,39,2.8,3.2,0.875
"139","Andros","Townsend","Crystal Palace",5.7,"Midfielder",NA,3.7,29,2.8,3.2,0.875
"140","Ryan","Sessegnon","Fulham",6,"Midfielder",NA,3,27,2.8,3.2,0.875
"141","David","De Gea","Man Utd",5.8,"Goalkeeper",NA,3,32,2.6,3,0.866666666666667
"142","Danny","Ings","Southampton",5.5,"Forward",100,2.8,38,2.6,3,0.866666666666667
"143","Wes","Morgan","Leicester",4.5,"Defender",100,2.3,13,2.4,2.8,0.857142857142857
"144","Matt","Ritchie","Newcastle",5.8,"Midfielder",100,2.7,24,2.2,2.6,0.846153846153846
"145","Mohamed","Diamé","Newcastle",4.9,"Midfielder",NA,2.7,24,2.2,2.6,0.846153846153846
"146","Gerard","Deulofeu","Watford",5.4,"Midfielder",100,4.3,14,2.8,3.4,0.823529411764706
"147","Alexis","Sánchez","Man Utd",10,"Midfielder",100,1.7,27,2.4,3,0.8
"148","Jack","Stephens","Southampton",4.3,"Defender",NA,3,18,2.4,3,0.8
"149","Nathan","Redmond","Southampton",5.3,"Midfielder",NA,2.5,26,2.4,3,0.8
"150","Demarai","Gray","Leicester",5.4,"Midfielder",100,3.7,30,2.2,2.8,0.785714285714286
"151","Kelechi","Iheanacho","Leicester",5.9,"Forward",NA,1.3,36,2.2,2.8,0.785714285714286
"152","João Filipe Iria","Santos Moutinho","Wolves",5.5,"Midfielder",NA,2,37,2.2,2.8,0.785714285714286
"153","Grady","Diangana","West Ham",4.5,"Midfielder",NA,3,10,2,2.6,0.769230769230769
"154","Lewis","Cook","Bournemouth",4.8,"Midfielder",NA,2.7,17,2.6,3.4,0.764705882352941
"155","Shkodran","Mustafi","Arsenal",5.4,"Defender",NA,1.8,31,2.4,3.2,0.75
"156","James","McArthur","Crystal Palace",4.7,"Midfielder",NA,3,26,2.4,3.2,0.75
"157","Cenk","Tosun","Everton",6.7,"Forward",NA,2,28,2.4,3.2,0.75
"158","Dale","Stephens","Brighton",4.4,"Midfielder",100,2.7,16,1.6,2.2,0.727272727272727
"159","Nampalys","Mendy","Leicester",4.5,"Midfielder",NA,1.7,23,2,2.8,0.714285714285714
"160","Ivan","Cavaleiro","Wolves",5.3,"Midfielder",100,1.3,10,2,2.8,0.714285714285714
"161","Hélder","Costa","Wolves",4.9,"Midfielder",100,2,23,2,2.8,0.714285714285714
"162","Jorge Luiz","Frello Filho","Chelsea",5,"Midfielder",NA,2.5,33,2.4,3.4,0.705882352941177
"163","Craig","Cathcart","Watford",4.5,"Defender",75,4.7,36,2.4,3.4,0.705882352941177
"164","Isaac","Success Ajayi","Watford",4.6,"Forward",NA,3.3,17,2.4,3.4,0.705882352941177
"165","Chris","Wood","Burnley",6.2,"Forward",100,2.3,19,1.8,2.6,0.692307692307692
"166","Bruno","Ecuele Manga","Cardiff",4.5,"Defender",NA,1,23,1.8,2.6,0.692307692307692
"167","Roberto","Firmino","Liverpool",9.2,"Forward",100,1.8,39,1.8,2.6,0.692307692307692
"168","Daniel","Sturridge","Liverpool",5.8,"Forward",NA,0.5,17,1.8,2.6,0.692307692307692
"169","Declan","Rice","West Ham",4.4,"Defender",NA,1.7,16,1.8,2.6,0.692307692307692
"170","Issa","Diop","West Ham",4.3,"Defender",NA,1.7,17,1.8,2.6,0.692307692307692
"171","Javier","Hernández Balcázar","West Ham",6.2,"Forward",100,3,17,1.8,2.6,0.692307692307692
"172","Bernd","Leno","Arsenal",4.8,"Goalkeeper",NA,2.3,11,2.2,3.2,0.6875
"173","Nacho","Monreal","Arsenal",5.5,"Defender",75,1.3,30,2.2,3.2,0.6875
"174","Jonas","Lössl","Huddersfield",4.4,"Goalkeeper",NA,1.3,23,1.6,2.4,0.666666666666667
"175","Jonathan","Hogg","Huddersfield",4.4,"Midfielder",100,1.3,10,1.6,2.4,0.666666666666667
"176","Alex","Pritchard","Huddersfield",4.8,"Midfielder",NA,1.3,12,1.6,2.4,0.666666666666667
"177","Ryan","Bertrand","Southampton",4.9,"Defender",NA,2.5,32,2,3,0.666666666666667
"178","Mario","Lemina","Southampton",4.9,"Midfielder",100,2,25,2,3,0.666666666666667
"179","Mohamed","Elyounoussi","Southampton",6.2,"Midfielder",100,1.8,18,2,3,0.666666666666667
"180","Heung-Min","Son","Spurs",8.3,"Midfielder",100,1.3,15,2,3,0.666666666666667
"181","Mateo","Kovacic","Chelsea",5.9,"Midfielder",100,1,21,2.2,3.4,0.647058823529412
"182","Idrissa","Gueye","Everton",4.8,"Midfielder",75,1.7,19,2,3.2,0.625
"183","Dominic","Calvert-Lewin","Everton",5.3,"Forward",100,2.7,22,2,3.2,0.625
"184","Jean Michael","Seri","Fulham",5.4,"Midfielder",NA,2,35,2,3.2,0.625
"185","Joe","Hart","Burnley",4.6,"Goalkeeper",NA,1,41,1.6,2.6,0.615384615384615
"186","Neil","Etheridge","Cardiff",4.5,"Goalkeeper",NA,1.3,41,1.6,2.6,0.615384615384615
"187","Sol","Bamba","Cardiff",4.5,"Defender",NA,1.7,30,1.6,2.6,0.615384615384615
"188","Kadeem","Harris","Cardiff",4.5,"Midfielder",NA,2.3,8,1.6,2.6,0.615384615384615
"189","Michail","Antonio","West Ham",6.8,"Midfielder",100,2,18,1.6,2.6,0.615384615384615
"190","Andriy","Yarmolenko","West Ham",6.8,"Midfielder",0,0.3,27,1.6,2.6,0.615384615384615
"191","Ben","Davies","Spurs",5.6,"Defender",NA,2.7,15,1.8,3,0.6
"192","Aaron","Mooy","Huddersfield",5.2,"Midfielder",100,1,18,1.4,2.4,0.583333333333333
"193","Daniel","Amartey","Leicester",4.4,"Midfielder",0,1.3,15,1.6,2.8,0.571428571428572
"194","Cheikhou","Kouyaté","Crystal Palace",4.7,"Midfielder",NA,3,17,1.8,3.2,0.5625
"195","Aleksandar","Mitrovic","Fulham",6.7,"Forward",NA,2,48,1.8,3.2,0.5625
"196","Yves","Bissouma","Brighton",4.7,"Midfielder",NA,1,13,1.2,2.2,0.545454545454545
"197","Jack","Cork","Burnley",4.7,"Midfielder",75,1,19,1.4,2.6,0.538461538461538
"198","Aaron","Lennon","Burnley",5,"Midfielder",100,1.3,31,1.4,2.6,0.538461538461538
"199","David Junior","Hoilett","Cardiff",5.1,"Midfielder",100,1.7,17,1.4,2.6,0.538461538461538
"200","Luke","Shaw","Man Utd",5,"Defender",100,1.3,30,1.6,3,0.533333333333333
"201","Nemanja","Matic","Man Utd",5,"Midfielder",100,1.3,12,1.6,3,0.533333333333333
"202","Pierre-Emile","Højbjerg","Southampton",4.5,"Midfielder",100,1.5,28,1.6,3,0.533333333333333
"203","Harry","Winks","Spurs",5.5,"Midfielder",100,1.7,13,1.6,3,0.533333333333333
"204","Olivier","Giroud","Chelsea",7.8,"Forward",75,1.8,27,1.8,3.4,0.529411764705882
"205","Will","Hughes","Watford",5,"Midfielder",NA,2,32,1.8,3.4,0.529411764705882
"206","Danny","Welbeck","Arsenal",6.5,"Forward",100,1.8,19,1.6,3.2,0.5
"207","Wayne","Hennessey","Crystal Palace",4.6,"Goalkeeper",NA,1.3,43,1.6,3.2,0.5
"208","Jonjoe","Kenny","Everton",4.3,"Defender",0,0,13,1.6,3.2,0.5
"209","Philip","Billing","Huddersfield",4.5,"Midfielder",100,1,25,1.2,2.4,0.5
"210","Laurent","Depoitre","Huddersfield",5.2,"Forward",NA,1.3,16,1.2,2.4,0.5
"211","Erik","Durm","Huddersfield",4.4,"Defender",100,1,8,1.2,2.4,0.5
"212","Jonny","Evans","Leicester",4.8,"Defender",100,2.3,15,1.4,2.8,0.5
"213","Marc","Albrighton","Leicester",5.2,"Midfielder",100,1.7,21,1.4,2.8,0.5
"214","Diogo","Jota","Wolves",5.9,"Midfielder",0,0.7,22,1.4,2.8,0.5
"215","Ruben","Loftus-Cheek","Chelsea",5.2,"Midfielder",100,2,10,1.6,3.4,0.470588235294118
"216","Ashley","Young","Man Utd",5.7,"Defender",100,1,13,1.4,3,0.466666666666667
"217","Romelu","Lukaku","Man Utd",10.8,"Forward",100,1,38,1.4,3,0.466666666666667
"218","Paulo","Gazzaniga","Spurs",4.5,"Goalkeeper",NA,0,10,1.4,3,0.466666666666667
"219","Steven","Defour","Burnley",5.4,"Midfielder",100,2,6,1.2,2.6,0.461538461538462
"220","Harry","Arter","Cardiff",4.9,"Midfielder",100,1,14,1.2,2.6,0.461538461538462
"221","Trent","Alexander-Arnold","Liverpool",5,"Defender",NA,1,40,1.2,2.6,0.461538461538462
"222","Jordan","Henderson","Liverpool",5.3,"Midfielder",0,1,15,1.2,2.6,0.461538461538462
"223","Arthur","Masuaku","West Ham",4.4,"Midfielder",100,0.7,16,1.2,2.6,0.461538461538462
"224","Mark","Noble","West Ham",4.9,"Midfielder",0,-0.3,17,1.2,2.6,0.461538461538462
"225","Robert","Snodgrass","West Ham",5.3,"Midfielder",100,1.7,12,1.2,2.6,0.461538461538462
"226","Anthony","Knockaert","Brighton",5.5,"Midfielder",NA,0.3,31,1,2.2,0.454545454545455
"227","Davy","Pröpper","Brighton",4.8,"Midfielder",0,0,16,1,2.2,0.454545454545455
"228","Jürgen","Locadia","Brighton",5.3,"Forward",100,0.7,9,1,2.2,0.454545454545455
"229","André Filipe","Tavares Gomes","Everton",5.4,"Midfielder",100,2.3,7,1.4,3.2,0.4375
"230","Luciano","Vietto","Fulham",5.5,"Forward",NA,1.3,28,1.4,3.2,0.4375
"231","Florent","Hadergjonaj","Huddersfield",4.4,"Defender",NA,0.7,14,1,2.4,0.416666666666667
"232","Isaac","Mbenza","Huddersfield",5.9,"Midfielder",100,1,7,1,2.4,0.416666666666667
"233","Vincent","Kompany","Man City",5.2,"Defender",NA,1.8,11,1.4,3.4,0.411764705882353
"234","Chris","Smalling","Man Utd",5.8,"Defender",100,1.3,26,1.2,3,0.4
"235","Charlie","Austin","Southampton",5.5,"Forward",100,1,10,1.2,3,0.4
"236","Matej","Vydra","Burnley",5.8,"Forward",100,0.7,12,1,2.6,0.384615384615385
"237","Sean","Morrison","Cardiff",4.8,"Defender",NA,0.7,25,1,2.6,0.384615384615385
"238","Joe","Bennett","Cardiff",4.5,"Defender",NA,1,24,1,2.6,0.384615384615385
"239","Aron","Gunnarsson","Cardiff",4.4,"Midfielder",100,1.7,5,1,2.6,0.384615384615385
"240","Adam","Lallana","Liverpool",6.9,"Midfielder",100,1.3,6,1,2.6,0.384615384615385
"241","Sung-yueng","Ki","Newcastle",4.7,"Midfielder",NA,1.7,9,1,2.6,0.384615384615385
"242","Pedro","Obiang","West Ham",4.4,"Midfielder",100,0.7,15,1,2.6,0.384615384615385
"243","Henrikh","Mkhitaryan","Arsenal",6.7,"Midfielder",100,1.5,24,1.2,3.2,0.375
"244","Aaron","Wan-Bissaka","Crystal Palace",4.3,"Defender",100,1,34,1.2,3.2,0.375
"245","Max","Meyer","Crystal Palace",5.6,"Midfielder",100,1,12,1.2,3.2,0.375
"246","Jordan","Ayew","Crystal Palace",5.8,"Forward",NA,0.7,15,1.2,3.2,0.375
"247","Ademola","Lookman","Everton",5.1,"Midfielder",100,2,8,1.2,3.2,0.375
"248","Adama","Traoré","Wolves",5.4,"Midfielder",100,1.3,17,1,2.8,0.357142857142857
"249","Charlie","Daniels","Bournemouth",4.2,"Defender",100,2,14,1.2,3.4,0.352941176470588
"250","Nicolás","Otamendi","Man City",6.1,"Defender",50,0,18,1.2,3.4,0.352941176470588
"251","Mathias","Jorgensen","Huddersfield",4.4,"Defender",100,1,20,0.8,2.4,0.333333333333333
"252","Steve","Mounie","Huddersfield",5.8,"Forward",NA,0.7,17,0.8,2.4,0.333333333333333
"253","Shane","Long","Southampton",4.8,"Forward",100,1.3,14,1,3,0.333333333333333
"254","Manolo","Gabbiadini","Southampton",5.6,"Forward",100,1,8,1,3,0.333333333333333
"255","Michael","Obafemi","Southampton",5,"Forward",NA,1,1,1,3,0.333333333333333
"256","Mousa","Dembélé","Spurs",4.9,"Midfielder",100,1.3,14,1,3,0.333333333333333
"257","James","Tomkins","Crystal Palace",4.3,"Defender",100,1,23,1,3.2,0.3125
"258","Jeffrey","Schlupp","Crystal Palace",4.5,"Defender",NA,0.7,22,1,3.2,0.3125
"259","Mamadou","Sakho","Crystal Palace",5,"Defender",NA,1,31,1,3.2,0.3125
"260","André-Frank","Zambo Anguissa","Fulham",4.4,"Midfielder",NA,0.8,12,1,3.2,0.3125
"261","Charlie","Taylor","Burnley",4.4,"Defender",NA,0,15,0.8,2.6,0.307692307692308
"262","Robbie","Brady","Burnley",5.4,"Midfielder",100,1.3,4,0.8,2.6,0.307692307692308
"263","Ashley","Barnes","Burnley",5.7,"Forward",100,0.7,21,0.8,2.6,0.307692307692308
"264","Fabio Henrique","Tavares","Liverpool",5.6,"Midfielder",100,1,4,0.8,2.6,0.307692307692308
"265","Naby","Keita","Liverpool",7.2,"Midfielder",0,0.8,18,0.8,2.6,0.307692307692308
"266","Jose Luis","Mato Sanmartín","Newcastle",5,"Forward",NA,0.3,22,0.8,2.6,0.307692307692308
"267","Aaron","Cresswell","West Ham",5.1,"Defender",100,1.3,5,0.8,2.6,0.307692307692308
"268","Dan","Gosling","Bournemouth",4.9,"Midfielder",75,1,13,1,3.4,0.294117647058824
"269","Andre","Gray","Watford",6,"Forward",NA,0.7,31,1,3.4,0.294117647058824
"270","Vicente","Iborra","Leicester",4.7,"Midfielder",NA,1,5,0.8,2.8,0.285714285714286
"271","Frederico","Rodrigues de Paula Santos","Man Utd",5.6,"Midfielder",NA,1,20,0.8,3,0.266666666666667
"272","Tom","Davies","Everton",5.2,"Midfielder",NA,0,11,0.8,3.2,0.25
"273","Gabriel Fernando","de Jesus","Man City",10.1,"Forward",NA,0.8,15,0.8,3.4,0.235294117647059
"274","Ben","Mee","Burnley",4.8,"Defender",NA,0,24,0.6,2.6,0.230769230769231
"275","Jeff","Hendrick","Burnley",5.4,"Midfielder",NA,0.7,18,0.6,2.6,0.230769230769231
"276","Danny","Ward","Cardiff",4.4,"Midfielder",75,0.3,16,0.6,2.6,0.230769230769231
"277","Kenneth","Zohore","Cardiff",4.7,"Forward",100,0.3,8,0.6,2.6,0.230769230769231
"278","Christian","Atsu","Newcastle",5.2,"Midfielder",100,0,6,0.6,2.6,0.230769230769231
"279","Salomón","Rondón","Newcastle",5.7,"Forward",100,1,12,0.6,2.6,0.230769230769231
"280","Shinji","Okazaki","Leicester",5.3,"Forward",100,0.7,6,0.6,2.8,0.214285714285714
"281","Rachid","Ghezzal","Leicester",5.2,"Midfielder",NA,0.7,15,0.6,2.8,0.214285714285714
"282","Bonatini Lohner Maia","Bonatini","Wolves",4.8,"Forward",NA,0.7,10,0.6,2.8,0.214285714285714
"283","Victor","Lindelöf","Man Utd",4.8,"Defender",NA,1.7,17,0.6,3,0.2
"284","Marouane","Fellaini","Man Utd",4.9,"Midfielder",0,0,19,0.6,3,0.2
"285","Ander","Herrera","Man Utd",5,"Midfielder",100,1,4,0.6,3,0.2
"286","Scott","McTominay","Man Utd",4.3,"Midfielder",75,0,5,0.6,3,0.2
"287","Oriol","Romeu Vidal","Southampton",4.3,"Midfielder",NA,0.8,9,0.6,3,0.2
"288","Stuart","Armstrong","Southampton",5.1,"Midfielder",100,0.5,7,0.6,3,0.2
"289","Christian","Eriksen","Spurs",9.2,"Midfielder",100,1,22,0.6,3,0.2
"290","Matteo","Guendouzi","Arsenal",4.5,"Midfielder",0,0.8,10,0.6,3.2,0.1875
"291","Alexander","Sørloth","Crystal Palace",4.8,"Forward",100,0.3,8,0.6,3.2,0.1875
"292","Phil","Foden","Man City",4.6,"Midfielder",100,0.5,5,0.6,3.4,0.176470588235294
"293","Oleksandr","Zinchenko","Man City",4.8,"Midfielder",NA,0,3,0.6,3.4,0.176470588235294
"294","Troy","Deeney","Watford",5.9,"Forward",50,0,30,0.6,3.4,0.176470588235294
"295","Kevin","Long","Burnley",4.2,"Defender",NA,0,2,0.4,2.6,0.153846153846154
"296","Loïc","Damour","Cardiff",4.4,"Midfielder",NA,0.7,2,0.4,2.6,0.153846153846154
"297","Gary","Madine","Cardiff",4.4,"Forward",100,0.3,5,0.4,2.6,0.153846153846154
"298","Alberto","Moreno","Liverpool",4.2,"Defender",NA,0.5,2,0.4,2.6,0.153846153846154
"299","Javier","Manquillo","Newcastle",4.4,"Defender",100,0,2,0.4,2.6,0.153846153846154
"300","Jacob","Murphy","Newcastle",4.8,"Midfielder",NA,0,9,0.4,2.6,0.153846153846154
"301","Angelo","Ogbonna","West Ham",4.2,"Defender",NA,0.7,2,0.4,2.6,0.153846153846154
"302","Jesse","Lingard","Man Utd",6.7,"Midfielder",100,0.7,12,0.4,3,0.133333333333333
"303","James","Ward-Prowse","Southampton",5.1,"Midfielder",NA,0.5,5,0.4,3,0.133333333333333
"304","Victor","Wanyama","Spurs",4.9,"Midfielder",0,0,3,0.4,3,0.133333333333333
"305","Sead","Kolasinac","Arsenal",4.9,"Defender",75,0.5,2,0.4,3.2,0.125
"306","Stephan","Lichtsteiner","Arsenal",4.6,"Defender",NA,0.5,3,0.4,3.2,0.125
"307","Morgan","Schneiderlin","Everton",4.4,"Midfielder",100,0,10,0.4,3.2,0.125
"308","Marcus","Bettinelli","Fulham",4.4,"Goalkeeper",NA,0,15,0.4,3.2,0.125
"309","Tim","Ream","Fulham",4.3,"Defender",100,0.3,2,0.4,3.2,0.125
"310","Tom","Cairney","Fulham",4.8,"Midfielder",100,0.3,11,0.4,3.2,0.125
"311","Stefan","Johansen","Fulham",5.2,"Midfielder",NA,0.5,8,0.4,3.2,0.125
"312","Floyd","Ayité","Fulham",4.4,"Midfielder",100,0.3,4,0.4,3.2,0.125
"313","Aboubakar","Kamara","Fulham",4.3,"Forward",NA,0.5,5,0.4,3.2,0.125
"314","Timothy","Fosu-Mensah","Fulham",4.5,"Defender",100,0.3,6,0.4,3.2,0.125
"315","Jordon","Ibe","Bournemouth",5.1,"Midfielder",NA,0.7,4,0.4,3.4,0.117647058823529
"316","Cesc","Fàbregas","Chelsea",6.3,"Midfielder",100,0.5,2,0.4,3.4,0.117647058823529
"317","Kevin","De Bruyne","Man City",9.7,"Midfielder",0,0.5,2,0.4,3.4,0.117647058823529
"318","Ben","Wilmot","Watford",4,"Defender",NA,0.3,1,0.333333333333333,3.4,0.0980392156862745
"319","Florin","Andone","Brighton",5,"Forward",100,0.3,1,0.2,2.2,0.0909090909090909
"320","Bernardo","Fernandes da Silva Junior","Brighton",4.2,"Defender",NA,0.3,1,0.2,2.2,0.0909090909090909
"321","Terence","Kongolo","Huddersfield",4.3,"Defender",100,0,8,0.2,2.4,0.0833333333333333
"322","Rajiv","van La Parra","Huddersfield",4.7,"Midfielder",NA,0,10,0.2,2.4,0.0833333333333333
"323","Ramadan","Sobhi","Huddersfield",4.8,"Midfielder",100,0.3,2,0.2,2.4,0.0833333333333333
"324","Juninho","Bacuna","Huddersfield",4.3,"Midfielder",100,0.3,1,0.2,2.4,0.0833333333333333
"325","Adama","Diakhaby","Huddersfield",4.7,"Midfielder",100,0.3,9,0.2,2.4,0.0833333333333333
"326","Matthew","Lowton","Burnley",4.7,"Defender",NA,-0.3,13,0.2,2.6,0.0769230769230769
"327","James","Tarkowski","Burnley",4.9,"Defender",100,-0.7,29,0.2,2.6,0.0769230769230769
"328","Ashley Darel Jazz","Richards","Cardiff",3.9,"Defender",25,0.3,1,0.2,2.6,0.0769230769230769
"329","Joel","Matip","Liverpool",4.9,"Defender",100,0.3,19,0.2,2.6,0.0769230769230769
"330","Ciaran","Clark","Newcastle",4.5,"Defender",0,0,16,0.2,2.6,0.0769230769230769
"331","Lucas","Pérez","West Ham",6.2,"Forward",NA,0,4,0.2,2.6,0.0769230769230769
"332","Danny","Simpson","Leicester",4.2,"Defender",100,0.3,1,0.2,2.8,0.0714285714285714
"333","Caglar","Söyüncü","Leicester",4.9,"Defender",100,0.3,1,0.2,2.8,0.0714285714285714
"334","Romain","Saïss","Wolves",4.2,"Defender",NA,0,2,0.2,2.8,0.0714285714285714
"335","Rúben Gonçalo","Silva Nascimento Vinagre","Wolves",4.3,"Defender",NA,0.3,4,0.2,2.8,0.0714285714285714
"336","Morgan","Gibbs-White","Wolves",4.3,"Midfielder",NA,0.3,4,0.2,2.8,0.0714285714285714
"337","Maya","Yoshida","Southampton",4.2,"Defender",NA,0.3,1,0.2,3,0.0666666666666667
"338","Jan","Bednarek","Southampton",3.9,"Defender",NA,0.3,2,0.2,3,0.0666666666666667
"339","Jannik","Vestergaard","Southampton",4.7,"Defender",100,0,15,0.2,3,0.0666666666666667
"340","Jan","Vertonghen","Spurs",5.9,"Defender",0,0,24,0.2,3,0.0666666666666667
"341","Bamidele","Alli","Spurs",8.9,"Midfielder",100,0.3,21,0.2,3,0.0666666666666667
"342","Fernando","Llorente","Spurs",5.7,"Forward",NA,0.3,2,0.2,3,0.0666666666666667
"343","Petr","Cech","Arsenal",5,"Goalkeeper",100,0,24,0.2,3.2,0.0625
"344","Jason","Puncheon","Crystal Palace",4.3,"Midfielder",NA,0.3,1,0.2,3.2,0.0625
"345","Connor","Wickham","Crystal Palace",4.9,"Forward",0,0.3,1,0.2,3.2,0.0625
"346","Yerry","Mina","Everton",5.4,"Defender",100,0.3,1,0.2,3.2,0.0625
"347","Denis","Odoi","Fulham",4.4,"Defender",100,0.3,5,0.2,3.2,0.0625
"348","Kevin","McDonald","Fulham",4.4,"Midfielder",NA,0.3,9,0.2,3.2,0.0625
"349","Maxime","Le Marchand","Fulham",4.3,"Defender",NA,0.3,5,0.2,3.2,0.0625
"350","Sergio","Rico","Fulham",4.4,"Goalkeeper",NA,0.3,1,0.2,3.2,0.0625
"351","Joe","Bryan","Fulham",4.8,"Defender",0,0,5,0.2,3.2,0.0625
"352","Andrew","Surman","Bournemouth",4.7,"Midfielder",NA,0.3,10,0.2,3.4,0.0588235294117647
"353","Jermain","Defoe","Bournemouth",5.7,"Forward",NA,0.3,3,0.2,3.4,0.0588235294117647
"354","Victor","Moses","Chelsea",5.6,"Defender",NA,0,2,0.2,3.4,0.0588235294117647
"355","Fabian","Delph","Man City",5.3,"Defender",100,0.3,15,0.2,3.4,0.0588235294117647
"356","Sebastian","Prödl","Watford",4.2,"Defender",0,0.3,1,0.2,3.4,0.0588235294117647
"357","José","Holebas","Watford",4.8,"Defender",100,0.3,36,0.2,3.4,0.0588235294117647
"358","Marc","Navarro","Watford",4.3,"Defender",100,0,1,0.2,3.4,0.0588235294117647
"359","Nathaniel","Chalobah","Watford",4.5,"Midfielder",100,0.3,2,0.2,3.4,0.0588235294117647
"360","Ken","Sema","Watford",4.7,"Midfielder",NA,0.3,5,0.2,3.4,0.0588235294117647
"361","Laurent","Koscielny","Arsenal",5.4,"Defender",0,0,0,0,3.2,0
"362","Konstantinos","Mavropanos","Arsenal",4.7,"Defender",0,0,0,0,3.2,0
"363","Sokratis","Papastathopoulos","Arsenal",5.1,"Defender",75,0,5,0,3.2,0
"364","Mohamed","Elneny","Arsenal",4.3,"Midfielder",0,0,0,0,3.2,0
"365","Reiss","Nelson","Arsenal",4.4,"Midfielder",0,0,0,0,3.2,0
"366","Ainsley","Maitland-Niles","Arsenal",4.4,"Midfielder",100,0,1,0,3.2,0
"367","Emiliano","Martínez","Arsenal",4,"Goalkeeper",NA,0,0,0,3.2,0
"368","Emile","Smith-Rowe","Arsenal",4.5,"Midfielder",NA,0,0,0,3.2,0
"369","Zech","Medley","Arsenal",4,"Defender",NA,0,0,0,3.2,0
"370","Artur","Boruc","Bournemouth",4,"Goalkeeper",NA,0,0,0,3.4,0
"371","Tyrone","Mings","Bournemouth",4.3,"Defender",NA,0,0,0,3.4,0
"372","Jack","Simpson","Bournemouth",3.9,"Defender",NA,0,0,0,3.4,0
"373","Marc","Pugh","Bournemouth",4.3,"Midfielder",100,0,0,0,3.4,0
"374","Emerson","Hyndman","Bournemouth",4.5,"Midfielder",0,0,0,0,3.4,0
"375","Lys","Mousset","Bournemouth",4.9,"Forward",100,0,4,0,3.4,0
"376","Diego","Rico","Bournemouth",4.3,"Defender",75,0,2,0,3.4,0
"377","Markus","Suttner","Brighton",3.9,"Defender",NA,0,0,0,2.2,0
"378","Ezequiel","Schelotto","Brighton",3.9,"Defender",NA,0,0,0,2.2,0
"379","Leon","Balogun","Brighton",4.2,"Defender",NA,0,2,0,2.2,0
"380","Pascal","Groß","Brighton",6.7,"Midfielder",0,0,11,0,2.2,0
"381","Tomer","Hemed","Brighton",4.9,"Forward",0,0,0,0,2.2,0
"382","Sam","Baldock","Brighton",4.5,"Forward",0,0,0,0,2.2,0
"383","David","Button","Brighton",4,"Goalkeeper",NA,0,0,0,2.2,0
"384","Jason","Steele","Brighton",4,"Goalkeeper",NA,0,0,0,2.2,0
"385","Martín","Montoya","Brighton",4.4,"Defender",NA,0,6,0,2.2,0
"386","Tom","Heaton","Burnley",4.8,"Goalkeeper",100,0,0,0,2.6,0
"387","Nick","Pope","Burnley",4.9,"Goalkeeper",0,0,0,0,2.6,0
"388","Stephen","Ward","Burnley",4.7,"Defender",0,0,7,0,2.6,0
"389","Phil","Bardsley","Burnley",4.3,"Defender",NA,0,1,0,2.6,0
"390","Jonathan","Walters","Burnley",4.8,"Midfielder",0,0,0,0,2.6,0
"391","Nahki","Wells","Burnley",4.5,"Forward",0,0,0,0,2.6,0
"392","Anders","Lindegaard","Burnley",4.4,"Goalkeeper",NA,0,0,0,2.6,0
"393","Ben","Gibson","Burnley",4.8,"Defender",25,0,0,0,2.6,0
"394","Dwight","McNeil","Burnley",4.5,"Midfielder",NA,0,1,0,2.6,0
"395","Alex","Smithies","Cardiff",4.3,"Goalkeeper",NA,0,0,0,2.6,0
"396","Matthew","Connolly","Cardiff",3.9,"Defender",NA,0,0,0,2.6,0
"397","Lee","Peltier","Cardiff",3.8,"Defender",0,0,0,0,2.6,0
"398","Greg","Halford","Cardiff",4,"Defender",0,0,0,0,2.6,0
"399","Joe","Ralls","Cardiff",4.7,"Midfielder",0,0,13,0,2.6,0
"400","Nathaniel","Mendez-Laing","Cardiff",4.8,"Midfielder",0,0,4,0,2.6,0
"401","Anthony","Pilkington","Cardiff",4.4,"Midfielder",0,0,0,0,2.6,0
"402","Omar","Bogle","Cardiff",4.5,"Forward",0,0,0,0,2.6,0
"403","Greg","Cunninghamm","Cardiff",4.2,"Defender",NA,0,0,0,2.6,0
"404","Brian","Murphy","Cardiff",4,"Goalkeeper",NA,0,0,0,2.6,0
"405","Thibaut","Courtois","Chelsea",5.5,"Goalkeeper",0,0,0,0,3.4,0
"406","Willy","Caballero","Chelsea",4.8,"Goalkeeper",NA,0,0,0,3.4,0
"407","Gary","Cahill","Chelsea",5.1,"Defender",NA,0,1,0,3.4,0
"408","Andreas","Christensen","Chelsea",5,"Defender",100,0,0,0,3.4,0
"409","Davide","Zappacosta","Chelsea",5.1,"Defender",100,0,1,0,3.4,0
"410","Emerson","Palmieri dos Santos","Chelsea",5.2,"Defender",100,0,0,0,3.4,0
"411","Daniel","Drinkwater","Chelsea",4.7,"Midfielder",NA,0,0,0,3.4,0
"412","Tiemoué","Bakayoko","Chelsea",4.9,"Midfielder",0,0,0,0,3.4,0
"413","Ethan","Ampadu","Chelsea",4.4,"Midfielder",0,0,0,0,3.4,0
"414","Callum","Hudson-Odoi","Chelsea",4.2,"Midfielder",100,0,0,0,3.4,0
"415","Tammy","Abraham","Chelsea",5.4,"Forward",0,0,0,0,3.4,0
"416","Julian","Speroni","Crystal Palace",4,"Goalkeeper",NA,0,0,0,3.2,0
"417","Vicente","Guaita","Crystal Palace",4.3,"Goalkeeper",NA,0,0,0,3.2,0
"418","Scott","Dann","Crystal Palace",4.4,"Defender",0,0,0,0,3.2,0
"419","Martin","Kelly","Crystal Palace",3.9,"Defender",NA,0,2,0,3.2,0
"420","Jairo","Riedewald","Crystal Palace",4.4,"Defender",100,0,0,0,3.2,0
"421","Bakary","Sako","Crystal Palace",5,"Midfielder",0,0,0,0,3.2,0
"422","Christian","Benteke","Crystal Palace",6.3,"Forward",0,0,8,0,3.2,0
"423","Joel","Ward","Crystal Palace",4.3,"Defender",0,0,2,0,3.2,0
"424","Jaroslaw","Jach","Crystal Palace",4,"Defender",0,0,0,0,3.2,0
"425","Pape","Souaré","Crystal Palace",4.3,"Defender",100,0,1,0,3.2,0
"426","Sullay","Kaikai","Crystal Palace",4.3,"Midfielder",NA,0,0,0,3.2,0
"427","Maarten","Stekelenburg","Everton",4,"Goalkeeper",100,0,0,0,3.2,0
"428","Leighton","Baines","Everton",5.2,"Defender",NA,0,5,0,3.2,0
"429","Phil","Jagielka","Everton",4.3,"Defender",0,0,-3,0,3.2,0
"430","Ashley","Williams","Everton",4.5,"Defender",0,0,0,0,3.2,0
"431","Mason","Holgate","Everton",4.5,"Defender",100,0,5,0,3.2,0
"432","Cuco","Martina","Everton",4.5,"Defender",0,0,0,0,3.2,0
"433","Yannick","Bolasie","Everton",5.8,"Midfielder",0,0,0,0,3.2,0
"434","James","McCarthy","Everton",4.4,"Midfielder",100,0,0,0,3.2,0
"435","Davy","Klaassen","Everton",6,"Midfielder",0,0,0,0,3.2,0
"436","Nikola","Vlasic","Everton",5,"Midfielder",0,0,0,0,3.2,0
"437","Beni","Baningime","Everton",4.3,"Midfielder",100,0,0,0,3.2,0
"438","Oumar","Niasse","Everton",5.1,"Forward",NA,0,4,0,3.2,0
"439","Kevin","Mirallas","Everton",5.5,"Midfielder",0,0,0,0,3.2,0
"440","Sandro","Ramírez","Everton",5.4,"Forward",0,0,0,0,3.2,0
"441","Kieran","Dowell","Everton",4.5,"Midfielder",NA,0,0,0,3.2,0
"442","Tyias","Browning","Everton",4,"Defender",NA,0,0,0,3.2,0
"443","Neeskens","Kebano","Fulham",4.4,"Midfielder",100,0,0,0,3.2,0
"444","Rui Pedro","da Rocha Fonte","Fulham",4.4,"Midfielder",0,0,0,0,3.2,0
"445","Cyrus","Christie","Fulham",4.2,"Defender",NA,0,3,0,3.2,0
"446","Fabricio","Agosto Ramírez","Fulham",4.3,"Goalkeeper",NA,0,8,0,3.2,0
"447","Alfie","Mawson","Fulham",4.9,"Defender",100,0,2,0,3.2,0
"448","Ibrahima","Cissé","Fulham",4.4,"Midfielder",NA,0,0,0,3.2,0
"449","Zeze Steven","Sessegnon","Fulham",4,"Defender",NA,0,0,0,3.2,0
"450","Ben","Hamer","Huddersfield",4,"Goalkeeper",100,0,4,0,2.4,0
"451","Tommy","Smith","Huddersfield",4.4,"Defender",100,0,-1,0,2.4,0
"452","Scott","Malone","Huddersfield",4,"Defender",0,0,0,0,2.4,0
"453","Tom","Ince","Huddersfield",5,"Midfielder",0,0,0,0,2.4,0
"454","Danny","Williams","Huddersfield",4.5,"Midfielder",0,0,0,0,2.4,0
"455","Abdelhamid","Sabiri","Huddersfield",4.3,"Midfielder",100,0,1,0,2.4,0
"456","Collin","Quaner","Huddersfield",4.3,"Forward",100,0,0,0,2.4,0
"457","Elias","Kachunga","Huddersfield",4.8,"Forward",100,0,4,0,2.4,0
"458","Jon Gorenc","Stankovic","Huddersfield",3.9,"Defender",NA,0,5,0,2.4,0
"459","Ryan","Schofield","Huddersfield",4,"Goalkeeper",NA,0,0,0,2.4,0
"460","Eldin","Jakupovic","Leicester",4.4,"Goalkeeper",NA,0,0,0,2.8,0
"461","Christian","Fuchs","Leicester",4.2,"Defender",NA,0,0,0,2.8,0
"462","Yohan","Benalouane","Leicester",3.9,"Defender",NA,0,0,0,2.8,0
"463","Matty","James","Leicester",4.4,"Midfielder",0,0,0,0,2.8,0
"464","Hamza","Choudhury","Leicester",4.3,"Midfielder",NA,0,0,0,2.8,0
"465","Adrien Sebastian","Perruchet Silva","Leicester",4.8,"Midfielder",NA,0,3,0,2.8,0
"466","Fousseni","Diabaté","Leicester",4.7,"Midfielder",NA,0,0,0,2.8,0
"467","Danny","Ward","Leicester",4.4,"Goalkeeper",NA,0,0,0,2.8,0
"468","Filip","Benkovic","Leicester",5,"Defender",0,0,0,0,2.8,0
"469","Simon","Mignolet","Liverpool",4.8,"Goalkeeper",100,0,0,0,2.6,0
"470","Loris","Karius","Liverpool",4.9,"Goalkeeper",0,0,0,0,2.6,0
"471","Nathaniel","Clyne","Liverpool",4.6,"Defender",NA,0,0,0,2.6,0
"472","Ragnar","Klavan","Liverpool",4.4,"Defender",0,0,0,0,2.6,0
"473","Alex","Oxlade-Chamberlain","Liverpool",6.4,"Midfielder",0,0,0,0,2.6,0
"474","Dominic","Solanke","Liverpool",4.8,"Forward",100,0,0,0,2.6,0
"475","Divock","Origi","Liverpool",5,"Forward",100,0,0,0,2.6,0
"476","Claudio","Bravo","Man City",4.9,"Goalkeeper",0,0,0,0,3.4,0
"477","Danilo Luiz","da Silva","Man City",5.1,"Defender",100,0,0,0,3.4,0
"478","Ilkay","Gündogan","Man City",5.4,"Midfielder",75,0,28,0,3.4,0
"479","Brahim","Diaz","Man City",4.7,"Midfielder",100,0,0,0,3.4,0
"480","Arijanet","Muric","Man City",4.5,"Goalkeeper",NA,0,0,0,3.4,0
"481","Sergio","Romero","Man Utd",5,"Goalkeeper",100,0,0,0,3,0
"482","Phil","Jones","Man Utd",5.2,"Defender",100,0,0,0,3,0
"483","Marcos","Rojo","Man Utd",4.9,"Defender",100,0,0,0,3,0
"484","Antonio","Valencia","Man Utd",6.4,"Defender",0,0,10,0,3,0
"485","Matteo","Darmian","Man Utd",4.6,"Defender",NA,0,2,0,3,0
"486","Daley","Blind","Man Utd",5,"Defender",0,0,0,0,3,0
"487","Eric","Bailly","Man Utd",5.1,"Defender",100,0,5,0,3,0
"488","José Diogo","Dalot Teixeira","Man Utd",5.3,"Defender",0,0,0,0,3,0
"489","Andreas","Pereira","Man Utd",4.6,"Midfielder",NA,0,3,0,3,0
"490","Lee","Grant","Man Utd",5,"Goalkeeper",NA,0,0,0,3,0
"491","Robert","Elliot","Newcastle",4.3,"Goalkeeper",NA,0,0,0,2.6,0
"492","Karl","Darlow","Newcastle",4.4,"Goalkeeper",NA,0,0,0,2.6,0
"493","Florian","Lejeune","Newcastle",4.4,"Defender",0,0,0,0,2.6,0
"494","Chancel","Mbemba","Newcastle",4,"Defender",0,0,0,0,2.6,0
"495","Mikel","Merino","Newcastle",5,"Midfielder",0,0,0,0,2.6,0
"496","Isaac","Hayden","Newcastle",4.4,"Midfielder",100,0,0,0,2.6,0
"497","Dwight","Gayle","Newcastle",6,"Forward",0,0,0,0,2.6,0
"498","Fabian","Schär","Newcastle",4.7,"Defender",NA,0,1,0,2.6,0
"499","Jamie","Sterry","Newcastle",4,"Defender",100,0,0,0,2.6,0
"500","Sean","Longstaff","Newcastle",4.5,"Midfielder",NA,0,0,0,2.6,0
"501","Fraser","Forster","Southampton",4.3,"Goalkeeper",NA,0,0,0,3,0
"502","Sam","McQueen","Southampton",4,"Defender",0,0,0,0,3,0
"503","Steven","Davis","Southampton",4.7,"Midfielder",NA,0,1,0,3,0
"504","Sofiane","Boufal","Southampton",5.5,"Midfielder",0,0,0,0,3,0
"505","Joshua","Sims","Southampton",4.5,"Midfielder",0,0,0,0,3,0
"506","Guido","Carrillo","Southampton",5.5,"Forward",0,0,0,0,3,0
"507","Angus","Gunn","Southampton",4.3,"Goalkeeper",NA,0,0,0,3,0
"508","Matt","Targett","Southampton",4.3,"Defender",NA,0,4,0,3,0
"509","Michel","Vorm","Spurs",4.8,"Goalkeeper",100,0,5,0,3,0
"510","Kyle","Walker-Peters","Spurs",4.3,"Defender",NA,0,0,0,3,0
"511","Serge","Aurier","Spurs",5.8,"Defender",100,0,6,0,3,0
"512","Georges-Kévin","Nkoudou","Spurs",4.8,"Midfielder",NA,0,0,0,3,0
"513","Luke","Amos","Spurs",4.4,"Midfielder",NA,0,1,0,3,0
"514","Alfie","Whiteman","Spurs",4,"Goalkeeper",NA,0,0,0,3,0
"515","Oliver","Skipp","Spurs",4.5,"Midfielder",NA,0,0,0,3,0
"516","Juan","Foyth","Spurs",5,"Defender",NA,0,0,0,3,0
"517","Heurelho","Gomes","Watford",4.3,"Goalkeeper",NA,0,0,0,3.4,0
"518","Pontus","Dahlberg","Watford",4.4,"Goalkeeper",NA,0,0,0,3.4,0
"519","Younes","Kaboul","Watford",4.2,"Defender",NA,0,0,0,3.4,0
"520","Miguel","Britos","Watford",4.4,"Defender",100,0,0,0,3.4,0
"521","Daryl","Janmaat","Watford",4.9,"Defender",0,0,20,0,3.4,0
"522","Marvin","Zeegelaar","Watford",4.2,"Defender",NA,0,0,0,3.4,0
"523","Tom","Cleverley","Watford",5,"Midfielder",0,0,0,0,3.4,0
"524","Stefano","Okaka","Watford",5,"Forward",100,0,0,0,3.4,0
"525","Jerome","Sinclair","Watford",4.5,"Forward",0,0,0,0,3.4,0
"526","Domingos","Quina","Watford",4.4,"Midfielder",NA,0,0,0,3.4,0
"527","Adrián","San Miguel del Castillo","West Ham",4.3,"Goalkeeper",NA,0,0,0,2.6,0
"528","Winston","Reid","West Ham",4.4,"Defender",0,0,0,0,2.6,0
"529","Sam","Byram","West Ham",4.5,"Defender",0,0,0,0,2.6,0
"530","Reece","Oxford","West Ham",4.3,"Defender",NA,0,0,0,2.6,0
"531","Ryan","Fredericks","West Ham",4.6,"Defender",NA,0,1,0,2.6,0
"532","Manuel","Lanzini","West Ham",6.4,"Midfielder",0,0,0,0,2.6,0
"533","Edimilson","Fernandes","West Ham",4.5,"Midfielder",0,0,0,0,2.6,0
"534","Andy","Carroll","West Ham",5.4,"Forward",0,0,0,0,2.6,0
"535","Jordan","Hugill","West Ham",5,"Forward",0,0,0,0,2.6,0
"536","Jack","Wilshere","West Ham",4.8,"Midfielder",0,0,7,0,2.6,0
"537","Carlos","Sánchez","West Ham",4.4,"Midfielder",0,0,7,0,2.6,0
"538","Joe","Powell","West Ham",4.5,"Midfielder",NA,0,0,0,2.6,0
"539","Conor","Coventry","West Ham",4.5,"Midfielder",NA,0,0,0,2.6,0
"540","John","Ruddy","Wolves",4.3,"Goalkeeper",NA,0,0,0,2.8,0
"541","Will","Norris","Wolves",4,"Goalkeeper",NA,0,0,0,2.8,0
"542","Barry","Douglas","Wolves",5,"Defender",0,0,0,0,2.8,0
"543","Danny","Batth","Wolves",4,"Defender",0,0,0,0,2.8,0
"544","Roderick Jefferson","Gonçalves Miranda","Wolves",4,"Defender",0,0,0,0,2.8,0
"545","Bright","Enobakhare","Wolves",4.3,"Midfielder",0,0,0,0,2.8,0
"546","Rafa","Mir","Wolves",4.5,"Forward",0,0,0,0,2.8,0
"547","Leander","Dendoncker","Wolves",4.3,"Midfielder",100,0,0,0,2.8,0
"548","Kortney","Hause","Wolves",4,"Defender",NA,0,0,0,2.8,0
"549","Calum","Chambers","Fulham",4.2,"Defender",100,-0.3,5,-0.2,3.2,-0.0625
"550","Christian","Kabasele","Watford",4.5,"Defender",100,0.3,13,-0.4,3.4,-0.117647058823529
